MatchDate,HomeTeam,AwayTeam,B365H,B365D,B365A,B365GG,B365NG,B365>2.5,B365<2.5,BTTSYesOdds,BTTSNoOdds,Prob_Home,Prob_Draw,Prob_Away,Prob_Over25,Prob_Under25,Prob_BTTS_Yes,Prob_BTTS_No,Prob_GG,Prob_NG,Edge_1X2_H,Edge_1X2_D,Edge_1X2_A,Edge_OU_Over,Edge_OU_Under,Edge_BTTS_Yes,Edge_BTTS_No,Edge_GG,Edge_NG
2026-10-10T00:00:00,Arsenal,Leeds,1.36,4.6,8.5,,,1.72,1.96,,,0.659293315086341,0.15917631234564256,0.18153037256801632,0.6022048721652526,0.39779512783474735,0.5311439172588921,0.46885608274110796,0.4401302271620828,0.5598697728379172,-10.336109148257611,-26.77889632100443,54.30081668281388,3.579238012423458,-22.032154944389514,,,,
2026-10-10T00:00:00,Aston Villa,Brentford,2.55,3.5,2.5,,,1.64,2.08,,,0.3254801672245804,0.32416359593068206,0.35035623684473766,0.5565131420568276,0.44348685794317244,0.5415943542232,0.4584056457768,0.4206389869344635,0.5793610130655364,-17.002557357732005,13.457258575738717,-12.410940788815584,-8.73184470268028,-7.754733547820125,,,,
2026-10-10T00:00:00,Chelsea,Bournemouth,1.67,4.1,4.33,,,1.44,2.5,,,0.5065216787804452,0.23200749639674453,0.26147082482281037,0.5370242445723608,0.4629757554276392,0.5344016454053658,0.46559835459463417,0.7573080733958344,0.2426919266041656,-15.410879643665654,-4.876926477334753,13.2168671482769,-22.668508781580055,15.74393885690979,,,,
2026-10-10T00:00:00,Sunderland,Brighton,2.88,3.4,2.3,,,1.73,1.95,,,0.2901161386219543,0.2677371964069934,0.44214666497105237,0.5787236853702433,0.4212763146297566,0.5296693204791194,0.47033067952088065,0.44055758917196713,0.5594424108280329,-16.446552076877165,-8.969353221622246,1.69373294334203,0.11919756905209855,-17.85111864719746,,,,
2026-10-10T00:00:00,Ipswich,Fulham,2.7,3.5,2.38,,,1.69,2.01,,,0.3345482088292868,0.29261051037301217,0.372841280797701,0.5451358350704412,0.4548641649295589,0.5141131109722166,0.4858868890277834,0.6939793659118916,0.3060206340881084,-9.67198361609255,2.4136786305542612,-11.263775170147161,-7.872043873095446,-8.572302849158675,,,,
2026-10-10T00:00:00,Man United,Tottenham,1.65,4.1,4.4,,,1.44,2.45,,,0.57667276489882,0.24149155228667085,0.18183568281450915,0.5530742375344491,0.446925762465551,0.5236871757976284,0.47631282420237164,0.4736471902080826,0.5263528097919175,-4.8489937916947,-0.9884635624649585,-19.992299561615965,-20.357309795039335,9.496811804059991,,,,
2026-10-11T00:00:00,Crystal Palace,Nott'm Forest,2.6,3.3,2.6,,,1.87,1.8,,,0.4168974425721432,0.3038949434961959,0.279207613931661,0.5207014571001254,0.47929854289987467,0.5240575600459392,0.4759424399540608,0.5469470965781299,0.4530529034218701,8.393335068757235,0.28533135374464447,-27.406020377768137,-2.6288275222765445,-13.72626227802256,,,,
2026-10-11T00:00:00,Hull,Everton,3.5,3.4,2.0,,,2.07,1.88,,,0.2633967226259704,0.2491185033792285,0.4874847739948011,0.5345834894679486,0.4654165105320513,0.5338089438231013,0.46619105617689877,0.37533410154242747,0.6246658984575726,-7.811147080910352,-15.29970885106231,-2.5030452010397775,10.658782319865367,-12.501696019974363,,,,
2026-10-11T00:00:00,Liverpool,Man City,2.5,3.7,2.45,,,1.57,2.25,,,0.37394282907733417,0.26970016862745716,0.35635700229520867,0.5486035534316895,0.4513964465683105,0.5088773118938945,0.49112268810610554,0.5761235322874929,0.4238764677125071,-6.51429273066646,-0.21093760784084425,-12.692534437673874,-13.869242111224745,1.5642004778698704,,,,
2026-10-12T00:00:00,Coventry,Newcastle,3.25,3.6,2.05,,,1.72,2.3,,,0.20528854546511885,0.2112512570629359,0.5834601974719453,0.5486796318477962,0.4513203681522038,0.531298960512585,0.46870103948741504,0.4099034241685928,0.5900965758314072,-33.28122272383638,-23.94954745734307,19.60934048174878,-5.62710332217905,3.8036846750068687,,,,
