HomeTeam,AwayTeam,B365H,B365D,B365A,B365>2.5,B365<2.5,GG_odds,NG_odds,Date
Arsenal,Leeds,1.4,4.6,8.0,1.76,1.92,1.85,1.95,2026-10-10
Aston Villa,Brentford,2.7,3.6,2.5,1.64,2.08,1.85,1.95,2026-10-10
Chelsea,Bournemouth,1.67,4.33,4.5,1.44,2.5,1.85,1.95,2026-10-10
Sunderland,Brighton,3.0,3.5,2.3,1.74,1.94,1.85,1.95,2026-10-10
Ipswich,Fulham,2.7,3.6,2.45,1.69,2.01,1.85,1.95,2026-10-10
Man United,Tottenham,1.7,4.2,4.4,1.5,2.5,1.85,1.95,2026-10-10
Crystal Palace,Nott'm Forest,2.7,3.4,2.55,1.84,1.83,1.85,1.95,2026-10-11
Hull,Everton,3.5,3.4,2.1,2.06,1.89,1.85,1.95,2026-10-11
Liverpool,Man City,2.88,3.8,2.25,1.6,2.25,1.85,1.95,2026-10-11
Coventry,Newcastle,3.2,3.6,2.05,1.72,2.3,1.85,1.95,2026-10-12
